snapshot_0000,OccupancySurge
snapshot_0001,FireSmoke
snapshot_0002,HVACFault
snapshot_0003,Normal
snapshot_0004,HVACFault
snapshot_0005,FireSmoke
snapshot_0006,FireSmoke
snapshot_0007,Normal
snapshot_0008,Normal
snapshot_0009,HVACFault
snapshot_0010,SpoofingAttack
snapshot_0011,OccupancySurge
snapshot_0012,Normal
snapshot_0013,OccupancySurge
snapshot_0014,FireSmoke
snapshot_0015,HVACFault
snapshot_0016,SpoofingAttack
snapshot_0017,HVACFault
snapshot_0018,FireSmoke
snapshot_0019,SpoofingAttack
snapshot_0020,SpoofingAttack
snapshot_0021,FireSmoke
snapshot_0022,SpoofingAttack
snapshot_0023,SpoofingAttack
snapshot_0024,OccupancySurge
snapshot_0025,HVACFault
snapshot_0026,OccupancySurge
snapshot_0027,OccupancySurge
snapshot_0028,OccupancySurge
snapshot_0029,SpoofingAttack
snapshot_0030,OccupancySurge
snapshot_0031,HVACFault
snapshot_0032,HVACFault
snapshot_0033,Normal
snapshot_0034,SpoofingAttack
snapshot_0035,Normal
snapshot_0036,OccupancySurge
snapshot_0037,Normal
snapshot_0038,Normal
snapshot_0039,HVACFault
snapshot_0040,HVACFault
snapshot_0041,OccupancySurge
snapshot_0042,OccupancySurge
snapshot_0043,Normal
snapshot_0044,FireSmoke
snapshot_0045,Normal
snapshot_0046,FireSmoke
snapshot_0047,SpoofingAttack
snapshot_0048,HVACFault
snapshot_0049,FireSmoke
snapshot_0050,FireSmoke
snapshot_0051,SpoofingAttack
snapshot_0052,SpoofingAttack
snapshot_0053,FireSmoke
snapshot_0054,FireSmoke
snapshot_0055,FireSmoke
snapshot_0056,Normal
snapshot_0057,OccupancySurge
snapshot_0058,OccupancySurge
snapshot_0059,Normal
snapshot_0060,FireSmoke
snapshot_0061,HVACFault
snapshot_0062,Normal
snapshot_0063,OccupancySurge
snapshot_0064,Normal
snapshot_0065,Normal
snapshot_0066,OccupancySurge
snapshot_0067,FireSmoke
snapshot_0068,HVACFault
snapshot_0069,Normal
snapshot_0070,SpoofingAttack
snapshot_0071,HVACFault
snapshot_0072,HVACFault
snapshot_0073,HVACFault
snapshot_0074,SpoofingAttack
snapshot_0075,Normal
snapshot_0076,SpoofingAttack
snapshot_0077,HVACFault
snapshot_0078,OccupancySurge
snapshot_0079,Normal
snapshot_0080,Normal
snapshot_0081,HVACFault
snapshot_0082,OccupancySurge
snapshot_0083,OccupancySurge
snapshot_0084,SpoofingAttack
snapshot_0085,HVACFault
snapshot_0086,OccupancySurge
snapshot_0087,HVACFault
snapshot_0088,SpoofingAttack
snapshot_0089,OccupancySurge
snapshot_0090,Normal
snapshot_0091,FireSmoke
snapshot_0092,FireSmoke
snapshot_0093,SpoofingAttack
snapshot_0094,SpoofingAttack
snapshot_0095,Normal
snapshot_0096,OccupancySurge
snapshot_0097,HVACFault
snapshot_0098,HVACFault
snapshot_0099,HVACFault
snapshot_0100,OccupancySurge
snapshot_0101,SpoofingAttack
snapshot_0102,FireSmoke
snapshot_0103,Normal
snapshot_0104,FireSmoke
snapshot_0105,Normal
snapshot_0106,OccupancySurge
snapshot_0107,OccupancySurge
snapshot_0108,Normal
snapshot_0109,FireSmoke
snapshot_0110,SpoofingAttack
snapshot_0111,OccupancySurge
snapshot_0112,FireSmoke
snapshot_0113,SpoofingAttack
snapshot_0114,OccupancySurge
snapshot_0115,FireSmoke
snapshot_0116,Normal
snapshot_0117,SpoofingAttack
snapshot_0118,Normal
snapshot_0119,SpoofingAttack
snapshot_0120,Normal
snapshot_0121,Normal
snapshot_0122,Normal
snapshot_0123,HVACFault
snapshot_0124,OccupancySurge
snapshot_0125,SpoofingAttack
snapshot_0126,SpoofingAttack
snapshot_0127,Normal
snapshot_0128,SpoofingAttack
snapshot_0129,OccupancySurge
snapshot_0130,SpoofingAttack
snapshot_0131,FireSmoke
snapshot_0132,OccupancySurge
snapshot_0133,OccupancySurge
snapshot_0134,FireSmoke
snapshot_0135,FireSmoke
snapshot_0136,SpoofingAttack
snapshot_0137,SpoofingAttack
snapshot_0138,OccupancySurge
snapshot_0139,Normal
snapshot_0140,SpoofingAttack
snapshot_0141,Normal
snapshot_0142,Normal
snapshot_0143,FireSmoke
snapshot_0144,SpoofingAttack
snapshot_0145,FireSmoke
snapshot_0146,FireSmoke
snapshot_0147,FireSmoke
snapshot_0148,Normal
snapshot_0149,OccupancySurge
snapshot_0150,OccupancySurge
snapshot_0151,OccupancySurge
snapshot_0152,FireSmoke
snapshot_0153,FireSmoke
snapshot_0154,HVACFault
snapshot_0155,SpoofingAttack
snapshot_0156,HVACFault
snapshot_0157,HVACFault
snapshot_0158,OccupancySurge
snapshot_0159,HVACFault
snapshot_0160,OccupancySurge
snapshot_0161,Normal
snapshot_0162,FireSmoke
snapshot_0163,FireSmoke
snapshot_0164,OccupancySurge
snapshot_0165,HVACFault
snapshot_0166,HVACFault
snapshot_0167,SpoofingAttack
snapshot_0168,FireSmoke
snapshot_0169,Normal
snapshot_0170,HVACFault
snapshot_0171,FireSmoke
snapshot_0172,HVACFault
snapshot_0173,Normal
snapshot_0174,SpoofingAttack
snapshot_0175,OccupancySurge
snapshot_0176,FireSmoke
snapshot_0177,HVACFault
snapshot_0178,Normal
snapshot_0179,SpoofingAttack
snapshot_0180,HVACFault
snapshot_0181,SpoofingAttack
snapshot_0182,FireSmoke
snapshot_0183,SpoofingAttack
snapshot_0184,OccupancySurge
snapshot_0185,SpoofingAttack
snapshot_0186,FireSmoke
snapshot_0187,HVACFault
snapshot_0188,HVACFault
snapshot_0189,SpoofingAttack
snapshot_0190,HVACFault
snapshot_0191,Normal
snapshot_0192,Normal
snapshot_0193,Normal
snapshot_0194,FireSmoke
snapshot_0195,FireSmoke
snapshot_0196,FireSmoke
snapshot_0197,SpoofingAttack
snapshot_0198,SpoofingAttack
snapshot_0199,OccupancySurge
snapshot_0200,HVACFault
snapshot_0201,OccupancySurge
snapshot_0202,Normal
snapshot_0203,Normal
snapshot_0204,FireSmoke
snapshot_0205,SpoofingAttack
snapshot_0206,Normal
snapshot_0207,HVACFault
snapshot_0208,FireSmoke
snapshot_0209,SpoofingAttack
snapshot_0210,OccupancySurge
snapshot_0211,Normal
snapshot_0212,SpoofingAttack
snapshot_0213,Normal
snapshot_0214,Normal
snapshot_0215,Normal
snapshot_0216,SpoofingAttack
snapshot_0217,OccupancySurge
snapshot_0218,Normal
snapshot_0219,SpoofingAttack
snapshot_0220,HVACFault
snapshot_0221,FireSmoke
snapshot_0222,Normal
snapshot_0223,FireSmoke
snapshot_0224,FireSmoke
snapshot_0225,HVACFault
snapshot_0226,FireSmoke
snapshot_0227,SpoofingAttack
snapshot_0228,HVACFault
snapshot_0229,FireSmoke
snapshot_0230,FireSmoke
snapshot_0231,HVACFault
snapshot_0232,Normal
snapshot_0233,Normal
snapshot_0234,HVACFault
snapshot_0235,Normal
snapshot_0236,HVACFault
snapshot_0237,FireSmoke
snapshot_0238,OccupancySurge
snapshot_0239,FireSmoke
snapshot_0240,SpoofingAttack
snapshot_0241,Normal
snapshot_0242,Normal
snapshot_0243,FireSmoke
snapshot_0244,SpoofingAttack
snapshot_0245,FireSmoke
snapshot_0246,HVACFault
snapshot_0247,HVACFault
snapshot_0248,Normal
snapshot_0249,SpoofingAttack
snapshot_0250,SpoofingAttack
snapshot_0251,OccupancySurge
snapshot_0252,HVACFault
snapshot_0253,Normal
snapshot_0254,SpoofingAttack
snapshot_0255,Normal
snapshot_0256,Normal
snapshot_0257,Normal
snapshot_0258,SpoofingAttack
snapshot_0259,SpoofingAttack
snapshot_0260,OccupancySurge
snapshot_0261,OccupancySurge
snapshot_0262,HVACFault
snapshot_0263,SpoofingAttack
snapshot_0264,SpoofingAttack
snapshot_0265,SpoofingAttack
snapshot_0266,Normal
snapshot_0267,OccupancySurge
snapshot_0268,Normal
snapshot_0269,SpoofingAttack
snapshot_0270,HVACFault
snapshot_0271,HVACFault
snapshot_0272,FireSmoke
snapshot_0273,Normal
snapshot_0274,OccupancySurge
snapshot_0275,HVACFault
snapshot_0276,Normal
snapshot_0277,HVACFault
snapshot_0278,SpoofingAttack
snapshot_0279,FireSmoke
snapshot_0280,FireSmoke
snapshot_0281,Normal
snapshot_0282,SpoofingAttack
snapshot_0283,Normal
snapshot_0284,FireSmoke
snapshot_0285,FireSmoke
snapshot_0286,HVACFault
snapshot_0287,HVACFault
snapshot_0288,HVACFault
snapshot_0289,FireSmoke
snapshot_0290,HVACFault
snapshot_0291,HVACFault
snapshot_0292,HVACFault
snapshot_0293,OccupancySurge
snapshot_0294,HVACFault
snapshot_0295,FireSmoke
snapshot_0296,SpoofingAttack
snapshot_0297,SpoofingAttack
snapshot_0298,HVACFault
snapshot_0299,OccupancySurge
snapshot_0300,SpoofingAttack
snapshot_0301,FireSmoke
snapshot_0302,Normal
snapshot_0303,Normal
snapshot_0304,FireSmoke
snapshot_0305,HVACFault
snapshot_0306,HVACFault
snapshot_0307,OccupancySurge
snapshot_0308,OccupancySurge
snapshot_0309,Normal
snapshot_0310,HVACFault
snapshot_0311,FireSmoke
snapshot_0312,Normal
snapshot_0313,HVACFault
snapshot_0314,Normal
snapshot_0315,SpoofingAttack
snapshot_0316,Normal
snapshot_0317,Normal
snapshot_0318,OccupancySurge
snapshot_0319,HVACFault
snapshot_0320,FireSmoke
snapshot_0321,OccupancySurge
snapshot_0322,FireSmoke
snapshot_0323,SpoofingAttack
snapshot_0324,OccupancySurge
snapshot_0325,OccupancySurge
snapshot_0326,Normal
snapshot_0327,Normal
snapshot_0328,HVACFault
snapshot_0329,SpoofingAttack
snapshot_0330,HVACFault
snapshot_0331,Normal
snapshot_0332,HVACFault
snapshot_0333,HVACFault
snapshot_0334,FireSmoke
snapshot_0335,FireSmoke
snapshot_0336,SpoofingAttack
snapshot_0337,HVACFault
snapshot_0338,OccupancySurge
snapshot_0339,Normal
snapshot_0340,SpoofingAttack
snapshot_0341,SpoofingAttack
snapshot_0342,OccupancySurge
snapshot_0343,Normal
snapshot_0344,OccupancySurge
snapshot_0345,SpoofingAttack
snapshot_0346,SpoofingAttack
snapshot_0347,OccupancySurge
snapshot_0348,SpoofingAttack
snapshot_0349,OccupancySurge
snapshot_0350,OccupancySurge
snapshot_0351,Normal
snapshot_0352,HVACFault
snapshot_0353,OccupancySurge
snapshot_0354,Normal
snapshot_0355,OccupancySurge
snapshot_0356,FireSmoke
snapshot_0357,FireSmoke
snapshot_0358,HVACFault
snapshot_0359,OccupancySurge
snapshot_0360,OccupancySurge
snapshot_0361,OccupancySurge
snapshot_0362,Normal
snapshot_0363,Normal
snapshot_0364,FireSmoke
snapshot_0365,HVACFault
snapshot_0366,HVACFault
snapshot_0367,HVACFault
snapshot_0368,SpoofingAttack
snapshot_0369,FireSmoke
snapshot_0370,OccupancySurge
snapshot_0371,Normal
snapshot_0372,HVACFault
snapshot_0373,SpoofingAttack
snapshot_0374,Normal
snapshot_0375,OccupancySurge
snapshot_0376,HVACFault
snapshot_0377,Normal
snapshot_0378,Normal
snapshot_0379,Normal
snapshot_0380,HVACFault
snapshot_0381,OccupancySurge
snapshot_0382,HVACFault
snapshot_0383,SpoofingAttack
snapshot_0384,HVACFault
snapshot_0385,HVACFault
snapshot_0386,OccupancySurge
snapshot_0387,OccupancySurge
snapshot_0388,SpoofingAttack
snapshot_0389,Normal
snapshot_0390,SpoofingAttack
snapshot_0391,HVACFault
snapshot_0392,Normal
snapshot_0393,Normal
snapshot_0394,FireSmoke
snapshot_0395,Normal
snapshot_0396,FireSmoke
snapshot_0397,SpoofingAttack
snapshot_0398,FireSmoke
snapshot_0399,FireSmoke
snapshot_0400,SpoofingAttack
snapshot_0401,FireSmoke
snapshot_0402,SpoofingAttack
snapshot_0403,OccupancySurge
snapshot_0404,HVACFault
snapshot_0405,OccupancySurge
snapshot_0406,HVACFault
snapshot_0407,OccupancySurge
snapshot_0408,HVACFault
snapshot_0409,FireSmoke
snapshot_0410,SpoofingAttack
snapshot_0411,FireSmoke
snapshot_0412,FireSmoke
snapshot_0413,HVACFault
snapshot_0414,Normal
snapshot_0415,OccupancySurge
snapshot_0416,SpoofingAttack
snapshot_0417,OccupancySurge
snapshot_0418,SpoofingAttack
snapshot_0419,SpoofingAttack
snapshot_0420,OccupancySurge
snapshot_0421,SpoofingAttack
snapshot_0422,FireSmoke
snapshot_0423,Normal
snapshot_0424,SpoofingAttack
snapshot_0425,HVACFault
snapshot_0426,HVACFault
snapshot_0427,OccupancySurge
snapshot_0428,Normal
snapshot_0429,Normal
snapshot_0430,HVACFault
snapshot_0431,Normal
snapshot_0432,HVACFault
snapshot_0433,HVACFault
snapshot_0434,FireSmoke
snapshot_0435,SpoofingAttack
snapshot_0436,OccupancySurge
snapshot_0437,SpoofingAttack
snapshot_0438,SpoofingAttack
snapshot_0439,HVACFault
snapshot_0440,HVACFault
snapshot_0441,SpoofingAttack
snapshot_0442,OccupancySurge
snapshot_0443,SpoofingAttack
snapshot_0444,Normal
snapshot_0445,OccupancySurge
snapshot_0446,SpoofingAttack
snapshot_0447,HVACFault
snapshot_0448,SpoofingAttack
snapshot_0449,Normal
snapshot_0450,FireSmoke
snapshot_0451,HVACFault
snapshot_0452,FireSmoke
snapshot_0453,HVACFault
snapshot_0454,Normal
snapshot_0455,SpoofingAttack
snapshot_0456,Normal
snapshot_0457,OccupancySurge
snapshot_0458,FireSmoke
snapshot_0459,Normal
snapshot_0460,Normal
snapshot_0461,HVACFault
snapshot_0462,OccupancySurge
snapshot_0463,Normal
snapshot_0464,HVACFault
snapshot_0465,SpoofingAttack
snapshot_0466,HVACFault
snapshot_0467,OccupancySurge
snapshot_0468,FireSmoke
snapshot_0469,FireSmoke
snapshot_0470,FireSmoke
snapshot_0471,FireSmoke
snapshot_0472,OccupancySurge
snapshot_0473,OccupancySurge
snapshot_0474,Normal
snapshot_0475,FireSmoke
snapshot_0476,HVACFault
snapshot_0477,Normal
snapshot_0478,SpoofingAttack
snapshot_0479,HVACFault
snapshot_0480,HVACFault
snapshot_0481,FireSmoke
snapshot_0482,FireSmoke
snapshot_0483,Normal
snapshot_0484,FireSmoke
snapshot_0485,FireSmoke
snapshot_0486,HVACFault
snapshot_0487,Normal
snapshot_0488,OccupancySurge
snapshot_0489,SpoofingAttack
snapshot_0490,FireSmoke
snapshot_0491,Normal
snapshot_0492,FireSmoke
snapshot_0493,FireSmoke
snapshot_0494,HVACFault
snapshot_0495,FireSmoke
snapshot_0496,SpoofingAttack
snapshot_0497,HVACFault
snapshot_0498,SpoofingAttack
snapshot_0499,Normal
snapshot_0500,FireSmoke
snapshot_0501,FireSmoke
snapshot_0502,Normal
snapshot_0503,SpoofingAttack
snapshot_0504,Normal
snapshot_0505,OccupancySurge
snapshot_0506,FireSmoke
snapshot_0507,FireSmoke
snapshot_0508,HVACFault
snapshot_0509,HVACFault
snapshot_0510,FireSmoke
snapshot_0511,HVACFault
snapshot_0512,OccupancySurge
snapshot_0513,OccupancySurge
snapshot_0514,Normal
snapshot_0515,Normal
snapshot_0516,HVACFault
snapshot_0517,FireSmoke
snapshot_0518,SpoofingAttack
snapshot_0519,Normal
snapshot_0520,HVACFault
snapshot_0521,FireSmoke
snapshot_0522,SpoofingAttack
snapshot_0523,OccupancySurge
snapshot_0524,SpoofingAttack
snapshot_0525,HVACFault
snapshot_0526,OccupancySurge
snapshot_0527,SpoofingAttack
snapshot_0528,HVACFault
snapshot_0529,FireSmoke
snapshot_0530,Normal
snapshot_0531,FireSmoke
snapshot_0532,OccupancySurge
snapshot_0533,SpoofingAttack
snapshot_0534,SpoofingAttack
snapshot_0535,HVACFault
snapshot_0536,SpoofingAttack
snapshot_0537,SpoofingAttack
snapshot_0538,Normal
snapshot_0539,HVACFault
snapshot_0540,HVACFault
snapshot_0541,FireSmoke
snapshot_0542,FireSmoke
snapshot_0543,OccupancySurge
snapshot_0544,HVACFault
snapshot_0545,OccupancySurge
snapshot_0546,FireSmoke
snapshot_0547,HVACFault
snapshot_0548,HVACFault
snapshot_0549,OccupancySurge
snapshot_0550,SpoofingAttack
snapshot_0551,OccupancySurge
snapshot_0552,HVACFault
snapshot_0553,Normal
snapshot_0554,SpoofingAttack
snapshot_0555,HVACFault
snapshot_0556,OccupancySurge
snapshot_0557,FireSmoke
snapshot_0558,OccupancySurge
snapshot_0559,OccupancySurge
snapshot_0560,FireSmoke
snapshot_0561,OccupancySurge
snapshot_0562,OccupancySurge
snapshot_0563,FireSmoke
snapshot_0564,Normal
snapshot_0565,Normal
snapshot_0566,Normal
snapshot_0567,SpoofingAttack
snapshot_0568,FireSmoke
snapshot_0569,HVACFault
snapshot_0570,OccupancySurge
snapshot_0571,HVACFault
snapshot_0572,HVACFault
snapshot_0573,SpoofingAttack
snapshot_0574,FireSmoke
snapshot_0575,SpoofingAttack
snapshot_0576,FireSmoke
snapshot_0577,FireSmoke
snapshot_0578,Normal
snapshot_0579,Normal
snapshot_0580,Normal
snapshot_0581,SpoofingAttack
snapshot_0582,Normal
snapshot_0583,SpoofingAttack
snapshot_0584,Normal
snapshot_0585,Normal
snapshot_0586,FireSmoke
snapshot_0587,SpoofingAttack
snapshot_0588,SpoofingAttack
snapshot_0589,SpoofingAttack
snapshot_0590,SpoofingAttack
snapshot_0591,OccupancySurge
snapshot_0592,FireSmoke
snapshot_0593,SpoofingAttack
snapshot_0594,FireSmoke
snapshot_0595,HVACFault
snapshot_0596,SpoofingAttack
snapshot_0597,SpoofingAttack
snapshot_0598,OccupancySurge
snapshot_0599,FireSmoke
snapshot_0600,HVACFault
snapshot_0601,SpoofingAttack
snapshot_0602,Normal
snapshot_0603,Normal
snapshot_0604,SpoofingAttack
snapshot_0605,SpoofingAttack
snapshot_0606,SpoofingAttack
snapshot_0607,OccupancySurge
snapshot_0608,OccupancySurge
snapshot_0609,SpoofingAttack
snapshot_0610,Normal
snapshot_0611,HVACFault
snapshot_0612,FireSmoke
snapshot_0613,HVACFault
snapshot_0614,HVACFault
snapshot_0615,Normal
snapshot_0616,HVACFault
snapshot_0617,SpoofingAttack
snapshot_0618,FireSmoke
snapshot_0619,Normal
snapshot_0620,OccupancySurge
snapshot_0621,SpoofingAttack
snapshot_0622,FireSmoke
snapshot_0623,HVACFault
snapshot_0624,HVACFault
snapshot_0625,Normal
snapshot_0626,Normal
snapshot_0627,SpoofingAttack
snapshot_0628,SpoofingAttack
snapshot_0629,SpoofingAttack
snapshot_0630,SpoofingAttack
snapshot_0631,Normal
snapshot_0632,Normal
snapshot_0633,SpoofingAttack
snapshot_0634,OccupancySurge
snapshot_0635,OccupancySurge
snapshot_0636,Normal
snapshot_0637,OccupancySurge
snapshot_0638,SpoofingAttack
snapshot_0639,SpoofingAttack
snapshot_0640,Normal
snapshot_0641,HVACFault
snapshot_0642,OccupancySurge
snapshot_0643,FireSmoke
snapshot_0644,FireSmoke
snapshot_0645,OccupancySurge
snapshot_0646,Normal
snapshot_0647,HVACFault
snapshot_0648,HVACFault
snapshot_0649,FireSmoke
snapshot_0650,HVACFault
snapshot_0651,OccupancySurge
snapshot_0652,SpoofingAttack
snapshot_0653,OccupancySurge
snapshot_0654,HVACFault
snapshot_0655,OccupancySurge
snapshot_0656,HVACFault
snapshot_0657,Normal
snapshot_0658,OccupancySurge
snapshot_0659,OccupancySurge
snapshot_0660,Normal
snapshot_0661,SpoofingAttack
snapshot_0662,SpoofingAttack
snapshot_0663,FireSmoke
snapshot_0664,SpoofingAttack
snapshot_0665,Normal
snapshot_0666,Normal
snapshot_0667,SpoofingAttack
snapshot_0668,SpoofingAttack
snapshot_0669,Normal
snapshot_0670,Normal
snapshot_0671,FireSmoke
snapshot_0672,SpoofingAttack
snapshot_0673,FireSmoke
snapshot_0674,FireSmoke
snapshot_0675,SpoofingAttack
snapshot_0676,SpoofingAttack
snapshot_0677,SpoofingAttack
snapshot_0678,FireSmoke
snapshot_0679,OccupancySurge
snapshot_0680,FireSmoke
snapshot_0681,OccupancySurge
snapshot_0682,SpoofingAttack
snapshot_0683,OccupancySurge
snapshot_0684,FireSmoke
snapshot_0685,Normal
snapshot_0686,HVACFault
snapshot_0687,HVACFault
snapshot_0688,HVACFault
snapshot_0689,Normal
snapshot_0690,SpoofingAttack
snapshot_0691,SpoofingAttack
snapshot_0692,Normal
snapshot_0693,SpoofingAttack
snapshot_0694,OccupancySurge
snapshot_0695,FireSmoke
snapshot_0696,OccupancySurge
snapshot_0697,HVACFault
snapshot_0698,SpoofingAttack
snapshot_0699,FireSmoke
snapshot_0700,FireSmoke
snapshot_0701,HVACFault
snapshot_0702,Normal
snapshot_0703,HVACFault
snapshot_0704,HVACFault
snapshot_0705,OccupancySurge
snapshot_0706,HVACFault
snapshot_0707,Normal
snapshot_0708,OccupancySurge
snapshot_0709,FireSmoke
snapshot_0710,HVACFault
snapshot_0711,HVACFault
snapshot_0712,Normal
snapshot_0713,HVACFault
snapshot_0714,HVACFault
snapshot_0715,SpoofingAttack
snapshot_0716,Normal
snapshot_0717,Normal
snapshot_0718,HVACFault
snapshot_0719,SpoofingAttack
snapshot_0720,OccupancySurge
snapshot_0721,SpoofingAttack
snapshot_0722,SpoofingAttack
snapshot_0723,OccupancySurge
snapshot_0724,Normal
snapshot_0725,SpoofingAttack
snapshot_0726,SpoofingAttack
snapshot_0727,HVACFault
snapshot_0728,FireSmoke
snapshot_0729,OccupancySurge
snapshot_0730,SpoofingAttack
snapshot_0731,HVACFault
snapshot_0732,SpoofingAttack
snapshot_0733,Normal
snapshot_0734,OccupancySurge
snapshot_0735,SpoofingAttack
snapshot_0736,FireSmoke
snapshot_0737,FireSmoke
snapshot_0738,OccupancySurge
snapshot_0739,Normal
snapshot_0740,OccupancySurge
snapshot_0741,OccupancySurge
snapshot_0742,HVACFault
snapshot_0743,FireSmoke
snapshot_0744,SpoofingAttack
snapshot_0745,SpoofingAttack
snapshot_0746,OccupancySurge
snapshot_0747,OccupancySurge
snapshot_0748,OccupancySurge
snapshot_0749,SpoofingAttack
snapshot_0750,OccupancySurge
snapshot_0751,Normal
snapshot_0752,HVACFault
snapshot_0753,OccupancySurge
snapshot_0754,HVACFault
snapshot_0755,OccupancySurge
snapshot_0756,FireSmoke
snapshot_0757,Normal
snapshot_0758,HVACFault
snapshot_0759,FireSmoke
snapshot_0760,Normal
snapshot_0761,FireSmoke
snapshot_0762,Normal
snapshot_0763,SpoofingAttack
snapshot_0764,OccupancySurge
snapshot_0765,FireSmoke
snapshot_0766,HVACFault
snapshot_0767,HVACFault
snapshot_0768,OccupancySurge
snapshot_0769,FireSmoke
snapshot_0770,HVACFault
snapshot_0771,Normal
snapshot_0772,OccupancySurge
snapshot_0773,Normal
snapshot_0774,OccupancySurge
snapshot_0775,FireSmoke
snapshot_0776,FireSmoke
snapshot_0777,HVACFault
snapshot_0778,HVACFault
snapshot_0779,Normal
snapshot_0780,FireSmoke
snapshot_0781,FireSmoke
snapshot_0782,SpoofingAttack
snapshot_0783,HVACFault
snapshot_0784,SpoofingAttack
snapshot_0785,OccupancySurge
snapshot_0786,FireSmoke
snapshot_0787,FireSmoke
snapshot_0788,FireSmoke
snapshot_0789,SpoofingAttack
snapshot_0790,OccupancySurge
snapshot_0791,SpoofingAttack
snapshot_0792,FireSmoke
snapshot_0793,OccupancySurge
snapshot_0794,HVACFault
snapshot_0795,HVACFault
snapshot_0796,SpoofingAttack
snapshot_0797,OccupancySurge
snapshot_0798,Normal
snapshot_0799,HVACFault
snapshot_0800,Normal
snapshot_0801,Normal
snapshot_0802,Normal
snapshot_0803,FireSmoke
snapshot_0804,SpoofingAttack
snapshot_0805,OccupancySurge
snapshot_0806,HVACFault
snapshot_0807,OccupancySurge
snapshot_0808,SpoofingAttack
snapshot_0809,Normal
snapshot_0810,OccupancySurge
snapshot_0811,HVACFault
snapshot_0812,SpoofingAttack
snapshot_0813,Normal
snapshot_0814,SpoofingAttack
snapshot_0815,FireSmoke
snapshot_0816,OccupancySurge
snapshot_0817,SpoofingAttack
snapshot_0818,Normal
snapshot_0819,OccupancySurge
snapshot_0820,SpoofingAttack
snapshot_0821,Normal
snapshot_0822,HVACFault
snapshot_0823,OccupancySurge
snapshot_0824,Normal
snapshot_0825,Normal
snapshot_0826,FireSmoke
snapshot_0827,HVACFault
snapshot_0828,HVACFault
snapshot_0829,HVACFault
snapshot_0830,Normal
snapshot_0831,HVACFault
snapshot_0832,FireSmoke
snapshot_0833,SpoofingAttack
snapshot_0834,Normal
snapshot_0835,Normal
snapshot_0836,FireSmoke
snapshot_0837,HVACFault
snapshot_0838,SpoofingAttack
snapshot_0839,HVACFault
snapshot_0840,Normal
snapshot_0841,OccupancySurge
snapshot_0842,SpoofingAttack
snapshot_0843,HVACFault
snapshot_0844,FireSmoke
snapshot_0845,SpoofingAttack
snapshot_0846,SpoofingAttack
snapshot_0847,FireSmoke
snapshot_0848,FireSmoke
snapshot_0849,OccupancySurge
snapshot_0850,FireSmoke
snapshot_0851,SpoofingAttack
snapshot_0852,HVACFault
snapshot_0853,OccupancySurge
snapshot_0854,HVACFault
snapshot_0855,SpoofingAttack
snapshot_0856,SpoofingAttack
snapshot_0857,OccupancySurge
snapshot_0858,FireSmoke
snapshot_0859,HVACFault
snapshot_0860,FireSmoke
snapshot_0861,Normal
snapshot_0862,OccupancySurge
snapshot_0863,SpoofingAttack
snapshot_0864,HVACFault
snapshot_0865,FireSmoke
snapshot_0866,OccupancySurge
snapshot_0867,Normal
snapshot_0868,OccupancySurge
snapshot_0869,Normal
snapshot_0870,Normal
snapshot_0871,SpoofingAttack
snapshot_0872,FireSmoke
snapshot_0873,SpoofingAttack
snapshot_0874,Normal
snapshot_0875,SpoofingAttack
snapshot_0876,OccupancySurge
snapshot_0877,OccupancySurge
snapshot_0878,HVACFault
snapshot_0879,HVACFault
snapshot_0880,OccupancySurge
snapshot_0881,OccupancySurge
snapshot_0882,OccupancySurge
snapshot_0883,HVACFault
snapshot_0884,SpoofingAttack
snapshot_0885,Normal
snapshot_0886,SpoofingAttack
snapshot_0887,SpoofingAttack
snapshot_0888,SpoofingAttack
snapshot_0889,FireSmoke
snapshot_0890,Normal
snapshot_0891,Normal
snapshot_0892,HVACFault
snapshot_0893,OccupancySurge
snapshot_0894,FireSmoke
snapshot_0895,OccupancySurge
snapshot_0896,FireSmoke
snapshot_0897,FireSmoke
snapshot_0898,FireSmoke
snapshot_0899,SpoofingAttack
snapshot_0900,OccupancySurge
snapshot_0901,HVACFault
snapshot_0902,OccupancySurge
snapshot_0903,HVACFault
snapshot_0904,HVACFault
snapshot_0905,SpoofingAttack
snapshot_0906,HVACFault
snapshot_0907,FireSmoke
snapshot_0908,HVACFault
snapshot_0909,OccupancySurge
snapshot_0910,SpoofingAttack
snapshot_0911,OccupancySurge
snapshot_0912,HVACFault
snapshot_0913,SpoofingAttack
snapshot_0914,OccupancySurge
snapshot_0915,Normal
snapshot_0916,Normal
snapshot_0917,SpoofingAttack
snapshot_0918,SpoofingAttack
snapshot_0919,OccupancySurge
snapshot_0920,HVACFault
snapshot_0921,FireSmoke
snapshot_0922,OccupancySurge
snapshot_0923,Normal
snapshot_0924,HVACFault
snapshot_0925,HVACFault
snapshot_0926,SpoofingAttack
snapshot_0927,OccupancySurge
snapshot_0928,SpoofingAttack
snapshot_0929,Normal
snapshot_0930,HVACFault
snapshot_0931,Normal
snapshot_0932,FireSmoke
snapshot_0933,HVACFault
snapshot_0934,Normal
snapshot_0935,FireSmoke
snapshot_0936,FireSmoke
snapshot_0937,OccupancySurge
snapshot_0938,HVACFault
snapshot_0939,Normal
snapshot_0940,FireSmoke
snapshot_0941,HVACFault
snapshot_0942,FireSmoke
snapshot_0943,FireSmoke
snapshot_0944,Normal
snapshot_0945,FireSmoke
snapshot_0946,SpoofingAttack
snapshot_0947,OccupancySurge
snapshot_0948,OccupancySurge
snapshot_0949,OccupancySurge
snapshot_0950,FireSmoke
snapshot_0951,HVACFault
snapshot_0952,Normal
snapshot_0953,FireSmoke
snapshot_0954,HVACFault
snapshot_0955,SpoofingAttack
snapshot_0956,OccupancySurge
snapshot_0957,OccupancySurge
snapshot_0958,SpoofingAttack
snapshot_0959,OccupancySurge
snapshot_0960,Normal
snapshot_0961,FireSmoke
snapshot_0962,HVACFault
snapshot_0963,SpoofingAttack
snapshot_0964,HVACFault
snapshot_0965,OccupancySurge
snapshot_0966,OccupancySurge
snapshot_0967,FireSmoke
snapshot_0968,Normal
snapshot_0969,SpoofingAttack
snapshot_0970,OccupancySurge
snapshot_0971,FireSmoke
snapshot_0972,HVACFault
snapshot_0973,OccupancySurge
snapshot_0974,SpoofingAttack
snapshot_0975,HVACFault
snapshot_0976,FireSmoke
snapshot_0977,Normal
snapshot_0978,OccupancySurge
snapshot_0979,SpoofingAttack
snapshot_0980,FireSmoke
snapshot_0981,OccupancySurge
snapshot_0982,Normal
snapshot_0983,HVACFault
snapshot_0984,HVACFault
snapshot_0985,HVACFault
snapshot_0986,Normal
snapshot_0987,Normal
snapshot_0988,Normal
snapshot_0989,OccupancySurge
snapshot_0990,SpoofingAttack
snapshot_0991,HVACFault
snapshot_0992,OccupancySurge
snapshot_0993,OccupancySurge
snapshot_0994,SpoofingAttack
snapshot_0995,Normal
snapshot_0996,SpoofingAttack
snapshot_0997,SpoofingAttack
snapshot_0998,Normal
snapshot_0999,SpoofingAttack
snapshot_1000,Normal
snapshot_1001,Normal
snapshot_1002,OccupancySurge
snapshot_1003,HVACFault
snapshot_1004,SpoofingAttack
snapshot_1005,Normal
snapshot_1006,FireSmoke
snapshot_1007,SpoofingAttack
snapshot_1008,HVACFault
snapshot_1009,HVACFault
snapshot_1010,HVACFault
snapshot_1011,HVACFault
snapshot_1012,OccupancySurge
snapshot_1013,FireSmoke
snapshot_1014,FireSmoke
snapshot_1015,FireSmoke
snapshot_1016,OccupancySurge
snapshot_1017,SpoofingAttack
snapshot_1018,SpoofingAttack
snapshot_1019,HVACFault
snapshot_1020,FireSmoke
snapshot_1021,Normal
snapshot_1022,OccupancySurge
snapshot_1023,SpoofingAttack
snapshot_1024,SpoofingAttack
snapshot_1025,OccupancySurge
snapshot_1026,HVACFault
snapshot_1027,HVACFault
snapshot_1028,OccupancySurge
snapshot_1029,HVACFault
snapshot_1030,FireSmoke
snapshot_1031,Normal
snapshot_1032,FireSmoke
snapshot_1033,HVACFault
snapshot_1034,SpoofingAttack
snapshot_1035,OccupancySurge
snapshot_1036,OccupancySurge
snapshot_1037,SpoofingAttack
snapshot_1038,FireSmoke
snapshot_1039,FireSmoke
snapshot_1040,HVACFault
snapshot_1041,Normal
snapshot_1042,FireSmoke
snapshot_1043,FireSmoke
snapshot_1044,OccupancySurge
snapshot_1045,FireSmoke
snapshot_1046,HVACFault
snapshot_1047,Normal
snapshot_1048,FireSmoke
snapshot_1049,SpoofingAttack
snapshot_1050,FireSmoke
snapshot_1051,HVACFault
snapshot_1052,OccupancySurge
snapshot_1053,HVACFault
snapshot_1054,SpoofingAttack
snapshot_1055,OccupancySurge
snapshot_1056,Normal
snapshot_1057,Normal
snapshot_1058,OccupancySurge
snapshot_1059,FireSmoke
snapshot_1060,SpoofingAttack
snapshot_1061,Normal
snapshot_1062,HVACFault
snapshot_1063,Normal
snapshot_1064,SpoofingAttack
snapshot_1065,HVACFault
snapshot_1066,HVACFault
snapshot_1067,OccupancySurge
snapshot_1068,SpoofingAttack
snapshot_1069,Normal
snapshot_1070,HVACFault
snapshot_1071,SpoofingAttack
snapshot_1072,OccupancySurge
snapshot_1073,SpoofingAttack
snapshot_1074,Normal
snapshot_1075,SpoofingAttack
snapshot_1076,HVACFault
snapshot_1077,SpoofingAttack
snapshot_1078,SpoofingAttack
snapshot_1079,OccupancySurge
snapshot_1080,FireSmoke
snapshot_1081,FireSmoke
snapshot_1082,SpoofingAttack
snapshot_1083,SpoofingAttack
snapshot_1084,OccupancySurge
snapshot_1085,SpoofingAttack
snapshot_1086,HVACFault
snapshot_1087,FireSmoke
snapshot_1088,HVACFault
snapshot_1089,SpoofingAttack
snapshot_1090,SpoofingAttack
snapshot_1091,Normal
snapshot_1092,SpoofingAttack
snapshot_1093,HVACFault
snapshot_1094,SpoofingAttack
snapshot_1095,FireSmoke
snapshot_1096,FireSmoke
snapshot_1097,FireSmoke
snapshot_1098,SpoofingAttack
snapshot_1099,HVACFault
snapshot_1100,HVACFault
snapshot_1101,Normal
snapshot_1102,HVACFault
snapshot_1103,HVACFault
snapshot_1104,SpoofingAttack
snapshot_1105,HVACFault
snapshot_1106,HVACFault
snapshot_1107,HVACFault
snapshot_1108,HVACFault
snapshot_1109,FireSmoke
snapshot_1110,HVACFault
snapshot_1111,HVACFault
snapshot_1112,HVACFault
snapshot_1113,Normal
snapshot_1114,OccupancySurge
snapshot_1115,Normal
snapshot_1116,HVACFault
snapshot_1117,OccupancySurge
snapshot_1118,FireSmoke
snapshot_1119,Normal
snapshot_1120,Normal
snapshot_1121,OccupancySurge
snapshot_1122,Normal
snapshot_1123,SpoofingAttack
snapshot_1124,Normal
snapshot_1125,OccupancySurge
snapshot_1126,HVACFault
snapshot_1127,OccupancySurge
snapshot_1128,FireSmoke
snapshot_1129,FireSmoke
snapshot_1130,Normal
snapshot_1131,SpoofingAttack
snapshot_1132,FireSmoke
snapshot_1133,FireSmoke
snapshot_1134,OccupancySurge
snapshot_1135,OccupancySurge
snapshot_1136,OccupancySurge
snapshot_1137,Normal
snapshot_1138,FireSmoke
snapshot_1139,Normal
snapshot_1140,Normal
snapshot_1141,SpoofingAttack
snapshot_1142,HVACFault
snapshot_1143,SpoofingAttack
snapshot_1144,SpoofingAttack
snapshot_1145,OccupancySurge
snapshot_1146,FireSmoke
snapshot_1147,SpoofingAttack
snapshot_1148,HVACFault
snapshot_1149,SpoofingAttack
snapshot_1150,Normal
snapshot_1151,Normal
snapshot_1152,HVACFault
snapshot_1153,OccupancySurge
snapshot_1154,FireSmoke
snapshot_1155,OccupancySurge
snapshot_1156,FireSmoke
snapshot_1157,SpoofingAttack
snapshot_1158,HVACFault
snapshot_1159,SpoofingAttack
snapshot_1160,OccupancySurge
snapshot_1161,OccupancySurge
snapshot_1162,SpoofingAttack
snapshot_1163,OccupancySurge
snapshot_1164,FireSmoke
snapshot_1165,FireSmoke
snapshot_1166,Normal
snapshot_1167,HVACFault
snapshot_1168,OccupancySurge
snapshot_1169,Normal
snapshot_1170,HVACFault
snapshot_1171,OccupancySurge
snapshot_1172,HVACFault
snapshot_1173,HVACFault
snapshot_1174,Normal
snapshot_1175,Normal
snapshot_1176,SpoofingAttack
snapshot_1177,OccupancySurge
snapshot_1178,Normal
snapshot_1179,OccupancySurge
snapshot_1180,FireSmoke
snapshot_1181,HVACFault
snapshot_1182,HVACFault
snapshot_1183,HVACFault
snapshot_1184,FireSmoke
snapshot_1185,FireSmoke
snapshot_1186,HVACFault
snapshot_1187,HVACFault
snapshot_1188,OccupancySurge
snapshot_1189,HVACFault
snapshot_1190,Normal
snapshot_1191,SpoofingAttack
snapshot_1192,Normal
snapshot_1193,HVACFault
snapshot_1194,SpoofingAttack
snapshot_1195,SpoofingAttack
snapshot_1196,OccupancySurge
snapshot_1197,FireSmoke
snapshot_1198,SpoofingAttack
snapshot_1199,OccupancySurge
snapshot_1200,Normal
snapshot_1201,FireSmoke
snapshot_1202,FireSmoke
snapshot_1203,Normal
snapshot_1204,SpoofingAttack
snapshot_1205,FireSmoke
snapshot_1206,SpoofingAttack
snapshot_1207,Normal
snapshot_1208,FireSmoke
snapshot_1209,OccupancySurge
snapshot_1210,OccupancySurge
snapshot_1211,FireSmoke
snapshot_1212,Normal
snapshot_1213,Normal
snapshot_1214,HVACFault
snapshot_1215,OccupancySurge
snapshot_1216,SpoofingAttack
snapshot_1217,OccupancySurge
snapshot_1218,Normal
snapshot_1219,OccupancySurge
snapshot_1220,HVACFault
snapshot_1221,HVACFault
snapshot_1222,OccupancySurge
snapshot_1223,Normal
snapshot_1224,FireSmoke
snapshot_1225,SpoofingAttack
snapshot_1226,OccupancySurge
snapshot_1227,HVACFault
snapshot_1228,FireSmoke
snapshot_1229,OccupancySurge
snapshot_1230,Normal
snapshot_1231,FireSmoke
snapshot_1232,Normal
snapshot_1233,Normal
snapshot_1234,OccupancySurge
snapshot_1235,FireSmoke
snapshot_1236,Normal
snapshot_1237,FireSmoke
snapshot_1238,FireSmoke
snapshot_1239,FireSmoke
snapshot_1240,FireSmoke
snapshot_1241,Normal
snapshot_1242,OccupancySurge
snapshot_1243,HVACFault
snapshot_1244,Normal
snapshot_1245,FireSmoke
snapshot_1246,FireSmoke
snapshot_1247,OccupancySurge
snapshot_1248,HVACFault
snapshot_1249,OccupancySurge
snapshot_1250,Normal
snapshot_1251,SpoofingAttack
snapshot_1252,SpoofingAttack
snapshot_1253,HVACFault
snapshot_1254,Normal
snapshot_1255,SpoofingAttack
snapshot_1256,Normal
snapshot_1257,OccupancySurge
snapshot_1258,Normal
snapshot_1259,HVACFault
snapshot_1260,OccupancySurge
snapshot_1261,HVACFault
snapshot_1262,HVACFault
snapshot_1263,FireSmoke
snapshot_1264,FireSmoke
snapshot_1265,HVACFault
snapshot_1266,FireSmoke
snapshot_1267,SpoofingAttack
snapshot_1268,Normal
snapshot_1269,Normal
snapshot_1270,SpoofingAttack
snapshot_1271,SpoofingAttack
snapshot_1272,OccupancySurge
snapshot_1273,SpoofingAttack
snapshot_1274,FireSmoke
snapshot_1275,FireSmoke
snapshot_1276,Normal
snapshot_1277,Normal
snapshot_1278,FireSmoke
snapshot_1279,FireSmoke
snapshot_1280,OccupancySurge
snapshot_1281,OccupancySurge
snapshot_1282,OccupancySurge
snapshot_1283,SpoofingAttack
snapshot_1284,SpoofingAttack
snapshot_1285,OccupancySurge
snapshot_1286,OccupancySurge
snapshot_1287,HVACFault
snapshot_1288,HVACFault
snapshot_1289,FireSmoke
snapshot_1290,HVACFault
snapshot_1291,FireSmoke
snapshot_1292,FireSmoke
snapshot_1293,FireSmoke
snapshot_1294,HVACFault
snapshot_1295,Normal
snapshot_1296,OccupancySurge
snapshot_1297,OccupancySurge
snapshot_1298,HVACFault
snapshot_1299,HVACFault
snapshot_1300,HVACFault
snapshot_1301,HVACFault
snapshot_1302,Normal
snapshot_1303,FireSmoke
snapshot_1304,HVACFault
snapshot_1305,FireSmoke
snapshot_1306,HVACFault
snapshot_1307,OccupancySurge
snapshot_1308,SpoofingAttack
snapshot_1309,HVACFault
snapshot_1310,SpoofingAttack
snapshot_1311,Normal
snapshot_1312,HVACFault
snapshot_1313,FireSmoke
snapshot_1314,HVACFault
snapshot_1315,Normal
snapshot_1316,SpoofingAttack
snapshot_1317,Normal
snapshot_1318,SpoofingAttack
snapshot_1319,SpoofingAttack
snapshot_1320,SpoofingAttack
snapshot_1321,OccupancySurge
snapshot_1322,FireSmoke
snapshot_1323,HVACFault
snapshot_1324,OccupancySurge
snapshot_1325,Normal
snapshot_1326,FireSmoke
snapshot_1327,SpoofingAttack
snapshot_1328,OccupancySurge
snapshot_1329,OccupancySurge
snapshot_1330,SpoofingAttack
snapshot_1331,FireSmoke
snapshot_1332,SpoofingAttack
snapshot_1333,FireSmoke
snapshot_1334,HVACFault
snapshot_1335,Normal
snapshot_1336,SpoofingAttack
snapshot_1337,HVACFault
snapshot_1338,Normal
snapshot_1339,SpoofingAttack
snapshot_1340,FireSmoke
snapshot_1341,OccupancySurge
snapshot_1342,SpoofingAttack
snapshot_1343,HVACFault
snapshot_1344,SpoofingAttack
snapshot_1345,SpoofingAttack
snapshot_1346,HVACFault
snapshot_1347,HVACFault
snapshot_1348,OccupancySurge
snapshot_1349,Normal
snapshot_1350,SpoofingAttack
snapshot_1351,OccupancySurge
snapshot_1352,Normal
snapshot_1353,Normal
snapshot_1354,OccupancySurge
snapshot_1355,SpoofingAttack
snapshot_1356,Normal
snapshot_1357,FireSmoke
snapshot_1358,OccupancySurge
snapshot_1359,Normal
snapshot_1360,OccupancySurge
snapshot_1361,SpoofingAttack
snapshot_1362,Normal
snapshot_1363,SpoofingAttack
snapshot_1364,OccupancySurge
snapshot_1365,FireSmoke
snapshot_1366,HVACFault
snapshot_1367,SpoofingAttack
snapshot_1368,OccupancySurge
snapshot_1369,OccupancySurge
snapshot_1370,OccupancySurge
snapshot_1371,SpoofingAttack
snapshot_1372,OccupancySurge
snapshot_1373,FireSmoke
snapshot_1374,Normal
snapshot_1375,FireSmoke
snapshot_1376,Normal
snapshot_1377,FireSmoke
snapshot_1378,Normal
snapshot_1379,SpoofingAttack
snapshot_1380,SpoofingAttack
snapshot_1381,Normal
snapshot_1382,HVACFault
snapshot_1383,HVACFault
snapshot_1384,HVACFault
snapshot_1385,SpoofingAttack
snapshot_1386,SpoofingAttack
snapshot_1387,HVACFault
snapshot_1388,HVACFault
snapshot_1389,Normal
snapshot_1390,SpoofingAttack
snapshot_1391,FireSmoke
snapshot_1392,OccupancySurge
snapshot_1393,HVACFault
snapshot_1394,OccupancySurge
snapshot_1395,Normal
snapshot_1396,OccupancySurge
snapshot_1397,SpoofingAttack
snapshot_1398,Normal
snapshot_1399,HVACFault
snapshot_1400,Normal
snapshot_1401,HVACFault
snapshot_1402,OccupancySurge
snapshot_1403,SpoofingAttack
snapshot_1404,HVACFault
snapshot_1405,OccupancySurge
snapshot_1406,Normal
snapshot_1407,HVACFault
snapshot_1408,FireSmoke
snapshot_1409,HVACFault
snapshot_1410,SpoofingAttack
snapshot_1411,OccupancySurge
snapshot_1412,SpoofingAttack
snapshot_1413,HVACFault
snapshot_1414,HVACFault
snapshot_1415,FireSmoke
snapshot_1416,SpoofingAttack
snapshot_1417,HVACFault
snapshot_1418,HVACFault
snapshot_1419,HVACFault
snapshot_1420,HVACFault
snapshot_1421,FireSmoke
snapshot_1422,HVACFault
snapshot_1423,HVACFault
snapshot_1424,HVACFault
snapshot_1425,FireSmoke
snapshot_1426,HVACFault
snapshot_1427,OccupancySurge
snapshot_1428,OccupancySurge
snapshot_1429,SpoofingAttack
snapshot_1430,HVACFault
snapshot_1431,OccupancySurge
snapshot_1432,FireSmoke
snapshot_1433,FireSmoke
snapshot_1434,FireSmoke
snapshot_1435,OccupancySurge
snapshot_1436,SpoofingAttack
snapshot_1437,Normal
snapshot_1438,OccupancySurge
snapshot_1439,SpoofingAttack
snapshot_1440,Normal
snapshot_1441,SpoofingAttack
snapshot_1442,SpoofingAttack
snapshot_1443,FireSmoke
snapshot_1444,FireSmoke
snapshot_1445,Normal
snapshot_1446,OccupancySurge
snapshot_1447,Normal
snapshot_1448,FireSmoke
snapshot_1449,FireSmoke
snapshot_1450,OccupancySurge
snapshot_1451,OccupancySurge
snapshot_1452,FireSmoke
snapshot_1453,SpoofingAttack
snapshot_1454,Normal
snapshot_1455,Normal
snapshot_1456,SpoofingAttack
snapshot_1457,HVACFault
snapshot_1458,OccupancySurge
snapshot_1459,Normal
snapshot_1460,OccupancySurge
snapshot_1461,OccupancySurge
snapshot_1462,Normal
snapshot_1463,SpoofingAttack
snapshot_1464,SpoofingAttack
snapshot_1465,HVACFault
snapshot_1466,FireSmoke
snapshot_1467,Normal
snapshot_1468,SpoofingAttack
snapshot_1469,OccupancySurge
snapshot_1470,SpoofingAttack
snapshot_1471,HVACFault
snapshot_1472,FireSmoke
snapshot_1473,FireSmoke
snapshot_1474,SpoofingAttack
snapshot_1475,Normal
snapshot_1476,OccupancySurge
snapshot_1477,FireSmoke
snapshot_1478,SpoofingAttack
snapshot_1479,HVACFault
snapshot_1480,OccupancySurge
snapshot_1481,SpoofingAttack
snapshot_1482,HVACFault
snapshot_1483,SpoofingAttack
snapshot_1484,HVACFault
snapshot_1485,OccupancySurge
snapshot_1486,HVACFault
snapshot_1487,SpoofingAttack
snapshot_1488,Normal
snapshot_1489,FireSmoke
snapshot_1490,OccupancySurge
snapshot_1491,FireSmoke
snapshot_1492,Normal
snapshot_1493,HVACFault
snapshot_1494,Normal
snapshot_1495,SpoofingAttack
snapshot_1496,Normal
snapshot_1497,HVACFault
snapshot_1498,FireSmoke
snapshot_1499,OccupancySurge
snapshot_1500,FireSmoke
snapshot_1501,HVACFault
snapshot_1502,HVACFault
snapshot_1503,FireSmoke
snapshot_1504,HVACFault
snapshot_1505,Normal
snapshot_1506,OccupancySurge
snapshot_1507,SpoofingAttack
snapshot_1508,SpoofingAttack
snapshot_1509,OccupancySurge
snapshot_1510,OccupancySurge
snapshot_1511,OccupancySurge
snapshot_1512,Normal
snapshot_1513,SpoofingAttack
snapshot_1514,Normal
snapshot_1515,FireSmoke
snapshot_1516,OccupancySurge
snapshot_1517,Normal
snapshot_1518,SpoofingAttack
snapshot_1519,OccupancySurge
snapshot_1520,FireSmoke
snapshot_1521,FireSmoke
snapshot_1522,SpoofingAttack
snapshot_1523,FireSmoke
snapshot_1524,SpoofingAttack
snapshot_1525,OccupancySurge
snapshot_1526,SpoofingAttack
snapshot_1527,SpoofingAttack
snapshot_1528,SpoofingAttack
snapshot_1529,OccupancySurge
snapshot_1530,Normal
snapshot_1531,HVACFault
snapshot_1532,SpoofingAttack
snapshot_1533,HVACFault
snapshot_1534,Normal
snapshot_1535,OccupancySurge
snapshot_1536,Normal
snapshot_1537,FireSmoke
snapshot_1538,SpoofingAttack
snapshot_1539,OccupancySurge
snapshot_1540,HVACFault
snapshot_1541,FireSmoke
snapshot_1542,FireSmoke
snapshot_1543,OccupancySurge
snapshot_1544,FireSmoke
snapshot_1545,Normal
snapshot_1546,SpoofingAttack
snapshot_1547,HVACFault
snapshot_1548,FireSmoke
snapshot_1549,Normal
snapshot_1550,Normal
snapshot_1551,SpoofingAttack
snapshot_1552,HVACFault
snapshot_1553,Normal
snapshot_1554,Normal
snapshot_1555,HVACFault
snapshot_1556,Normal
snapshot_1557,Normal
snapshot_1558,OccupancySurge
snapshot_1559,FireSmoke
snapshot_1560,Normal
snapshot_1561,HVACFault
snapshot_1562,FireSmoke
snapshot_1563,Normal
snapshot_1564,OccupancySurge
snapshot_1565,HVACFault
snapshot_1566,HVACFault
snapshot_1567,HVACFault
snapshot_1568,SpoofingAttack
snapshot_1569,OccupancySurge
snapshot_1570,OccupancySurge
snapshot_1571,HVACFault
snapshot_1572,FireSmoke
snapshot_1573,SpoofingAttack
snapshot_1574,OccupancySurge
snapshot_1575,Normal
snapshot_1576,SpoofingAttack
snapshot_1577,HVACFault
snapshot_1578,SpoofingAttack
snapshot_1579,Normal
snapshot_1580,HVACFault
snapshot_1581,SpoofingAttack
snapshot_1582,SpoofingAttack
snapshot_1583,SpoofingAttack
snapshot_1584,FireSmoke
snapshot_1585,SpoofingAttack
snapshot_1586,HVACFault
snapshot_1587,FireSmoke
snapshot_1588,FireSmoke
snapshot_1589,Normal
snapshot_1590,Normal
snapshot_1591,OccupancySurge
snapshot_1592,OccupancySurge
snapshot_1593,HVACFault
snapshot_1594,FireSmoke
snapshot_1595,FireSmoke
snapshot_1596,SpoofingAttack
snapshot_1597,HVACFault
snapshot_1598,FireSmoke
snapshot_1599,FireSmoke
snapshot_1600,FireSmoke
snapshot_1601,OccupancySurge
snapshot_1602,SpoofingAttack
snapshot_1603,SpoofingAttack
snapshot_1604,FireSmoke
snapshot_1605,OccupancySurge
snapshot_1606,OccupancySurge
snapshot_1607,OccupancySurge
snapshot_1608,OccupancySurge
snapshot_1609,Normal
snapshot_1610,FireSmoke
snapshot_1611,Normal
snapshot_1612,HVACFault
snapshot_1613,OccupancySurge
snapshot_1614,SpoofingAttack
snapshot_1615,HVACFault
snapshot_1616,HVACFault
snapshot_1617,OccupancySurge
snapshot_1618,OccupancySurge
snapshot_1619,HVACFault
snapshot_1620,Normal
snapshot_1621,Normal
snapshot_1622,FireSmoke
snapshot_1623,OccupancySurge
snapshot_1624,Normal
snapshot_1625,SpoofingAttack
snapshot_1626,SpoofingAttack
snapshot_1627,SpoofingAttack
snapshot_1628,OccupancySurge
snapshot_1629,SpoofingAttack
snapshot_1630,OccupancySurge
snapshot_1631,SpoofingAttack
snapshot_1632,SpoofingAttack
snapshot_1633,FireSmoke
snapshot_1634,FireSmoke
snapshot_1635,HVACFault
snapshot_1636,Normal
snapshot_1637,Normal
snapshot_1638,FireSmoke
snapshot_1639,SpoofingAttack
snapshot_1640,Normal
snapshot_1641,Normal
snapshot_1642,SpoofingAttack
snapshot_1643,HVACFault
snapshot_1644,HVACFault
snapshot_1645,OccupancySurge
snapshot_1646,OccupancySurge
snapshot_1647,Normal
snapshot_1648,SpoofingAttack
snapshot_1649,HVACFault
snapshot_1650,OccupancySurge
snapshot_1651,OccupancySurge
snapshot_1652,SpoofingAttack
snapshot_1653,SpoofingAttack
snapshot_1654,OccupancySurge
snapshot_1655,OccupancySurge
snapshot_1656,FireSmoke
snapshot_1657,Normal
snapshot_1658,HVACFault
snapshot_1659,Normal
snapshot_1660,OccupancySurge
snapshot_1661,OccupancySurge
snapshot_1662,HVACFault
snapshot_1663,Normal
snapshot_1664,Normal
snapshot_1665,OccupancySurge
snapshot_1666,SpoofingAttack
snapshot_1667,FireSmoke
snapshot_1668,SpoofingAttack
snapshot_1669,HVACFault
snapshot_1670,FireSmoke
snapshot_1671,Normal
snapshot_1672,HVACFault
snapshot_1673,SpoofingAttack
snapshot_1674,Normal
snapshot_1675,Normal
snapshot_1676,FireSmoke
snapshot_1677,SpoofingAttack
snapshot_1678,OccupancySurge
snapshot_1679,SpoofingAttack
snapshot_1680,Normal
snapshot_1681,FireSmoke
snapshot_1682,SpoofingAttack
snapshot_1683,Normal
snapshot_1684,FireSmoke
snapshot_1685,OccupancySurge
snapshot_1686,SpoofingAttack
snapshot_1687,OccupancySurge
snapshot_1688,Normal
snapshot_1689,Normal
snapshot_1690,SpoofingAttack
snapshot_1691,SpoofingAttack
snapshot_1692,SpoofingAttack
snapshot_1693,FireSmoke
snapshot_1694,HVACFault
snapshot_1695,SpoofingAttack
snapshot_1696,Normal
snapshot_1697,OccupancySurge
snapshot_1698,FireSmoke
snapshot_1699,FireSmoke
snapshot_1700,HVACFault
snapshot_1701,HVACFault
snapshot_1702,OccupancySurge
snapshot_1703,Normal
snapshot_1704,SpoofingAttack
snapshot_1705,FireSmoke
snapshot_1706,Normal
snapshot_1707,Normal
snapshot_1708,FireSmoke
snapshot_1709,OccupancySurge
snapshot_1710,Normal
snapshot_1711,HVACFault
snapshot_1712,FireSmoke
snapshot_1713,SpoofingAttack
snapshot_1714,Normal
snapshot_1715,HVACFault
snapshot_1716,Normal
snapshot_1717,OccupancySurge
snapshot_1718,Normal
snapshot_1719,HVACFault
snapshot_1720,Normal
snapshot_1721,Normal
snapshot_1722,FireSmoke
snapshot_1723,SpoofingAttack
snapshot_1724,OccupancySurge
snapshot_1725,HVACFault
snapshot_1726,Normal
snapshot_1727,SpoofingAttack
snapshot_1728,HVACFault
snapshot_1729,SpoofingAttack
snapshot_1730,FireSmoke
snapshot_1731,HVACFault
snapshot_1732,Normal
snapshot_1733,FireSmoke
snapshot_1734,FireSmoke
snapshot_1735,FireSmoke
snapshot_1736,OccupancySurge
snapshot_1737,Normal
snapshot_1738,HVACFault
snapshot_1739,OccupancySurge
snapshot_1740,SpoofingAttack
snapshot_1741,Normal
snapshot_1742,HVACFault
snapshot_1743,HVACFault
snapshot_1744,Normal
snapshot_1745,HVACFault
snapshot_1746,OccupancySurge
snapshot_1747,Normal
snapshot_1748,SpoofingAttack
snapshot_1749,OccupancySurge
snapshot_1750,SpoofingAttack
snapshot_1751,HVACFault
snapshot_1752,FireSmoke
snapshot_1753,Normal
snapshot_1754,SpoofingAttack
snapshot_1755,HVACFault
snapshot_1756,FireSmoke
snapshot_1757,OccupancySurge
snapshot_1758,FireSmoke
snapshot_1759,FireSmoke
snapshot_1760,OccupancySurge
snapshot_1761,HVACFault
snapshot_1762,SpoofingAttack
snapshot_1763,Normal
snapshot_1764,SpoofingAttack
snapshot_1765,OccupancySurge
snapshot_1766,OccupancySurge
snapshot_1767,OccupancySurge
snapshot_1768,Normal
snapshot_1769,SpoofingAttack
snapshot_1770,SpoofingAttack
snapshot_1771,OccupancySurge
snapshot_1772,SpoofingAttack
snapshot_1773,HVACFault
snapshot_1774,Normal
snapshot_1775,OccupancySurge
snapshot_1776,SpoofingAttack
snapshot_1777,HVACFault
snapshot_1778,FireSmoke
snapshot_1779,Normal
snapshot_1780,HVACFault
snapshot_1781,FireSmoke
snapshot_1782,FireSmoke
snapshot_1783,FireSmoke
snapshot_1784,SpoofingAttack
snapshot_1785,HVACFault
snapshot_1786,Normal
snapshot_1787,Normal
snapshot_1788,Normal
snapshot_1789,SpoofingAttack
snapshot_1790,SpoofingAttack
snapshot_1791,Normal
snapshot_1792,Normal
snapshot_1793,Normal
snapshot_1794,HVACFault
snapshot_1795,Normal
snapshot_1796,HVACFault
snapshot_1797,OccupancySurge
snapshot_1798,HVACFault
snapshot_1799,SpoofingAttack
snapshot_1800,OccupancySurge
snapshot_1801,OccupancySurge
snapshot_1802,OccupancySurge
snapshot_1803,OccupancySurge
snapshot_1804,OccupancySurge
snapshot_1805,SpoofingAttack
snapshot_1806,SpoofingAttack
snapshot_1807,SpoofingAttack
snapshot_1808,SpoofingAttack
snapshot_1809,SpoofingAttack
snapshot_1810,FireSmoke
snapshot_1811,FireSmoke
snapshot_1812,SpoofingAttack
snapshot_1813,OccupancySurge
snapshot_1814,Normal
snapshot_1815,FireSmoke
snapshot_1816,OccupancySurge
snapshot_1817,Normal
snapshot_1818,HVACFault
snapshot_1819,FireSmoke
snapshot_1820,OccupancySurge
snapshot_1821,SpoofingAttack
snapshot_1822,Normal
snapshot_1823,OccupancySurge
snapshot_1824,HVACFault
snapshot_1825,SpoofingAttack
snapshot_1826,SpoofingAttack
snapshot_1827,FireSmoke
snapshot_1828,OccupancySurge
snapshot_1829,HVACFault
snapshot_1830,HVACFault
snapshot_1831,FireSmoke
snapshot_1832,Normal
snapshot_1833,HVACFault
snapshot_1834,SpoofingAttack
snapshot_1835,HVACFault
snapshot_1836,SpoofingAttack
snapshot_1837,OccupancySurge
snapshot_1838,FireSmoke
snapshot_1839,HVACFault
snapshot_1840,Normal
snapshot_1841,Normal
snapshot_1842,SpoofingAttack
snapshot_1843,HVACFault
snapshot_1844,SpoofingAttack
snapshot_1845,FireSmoke
snapshot_1846,FireSmoke
snapshot_1847,Normal
snapshot_1848,OccupancySurge
snapshot_1849,OccupancySurge
snapshot_1850,FireSmoke
snapshot_1851,OccupancySurge
snapshot_1852,OccupancySurge
snapshot_1853,OccupancySurge
snapshot_1854,Normal
snapshot_1855,SpoofingAttack
snapshot_1856,SpoofingAttack
snapshot_1857,HVACFault
snapshot_1858,Normal
snapshot_1859,OccupancySurge
snapshot_1860,HVACFault
snapshot_1861,Normal
snapshot_1862,OccupancySurge
snapshot_1863,SpoofingAttack
snapshot_1864,HVACFault
snapshot_1865,Normal
snapshot_1866,SpoofingAttack
snapshot_1867,FireSmoke
snapshot_1868,FireSmoke
snapshot_1869,FireSmoke
snapshot_1870,Normal
snapshot_1871,FireSmoke
snapshot_1872,OccupancySurge
snapshot_1873,OccupancySurge
snapshot_1874,Normal
snapshot_1875,SpoofingAttack
snapshot_1876,Normal
snapshot_1877,OccupancySurge
snapshot_1878,HVACFault
snapshot_1879,FireSmoke
snapshot_1880,SpoofingAttack
snapshot_1881,SpoofingAttack
snapshot_1882,OccupancySurge
snapshot_1883,SpoofingAttack
snapshot_1884,OccupancySurge
snapshot_1885,FireSmoke
snapshot_1886,HVACFault
snapshot_1887,SpoofingAttack
snapshot_1888,OccupancySurge
snapshot_1889,OccupancySurge
snapshot_1890,OccupancySurge
snapshot_1891,HVACFault
snapshot_1892,Normal
snapshot_1893,Normal
snapshot_1894,HVACFault
snapshot_1895,Normal
snapshot_1896,SpoofingAttack
snapshot_1897,OccupancySurge
snapshot_1898,FireSmoke
snapshot_1899,SpoofingAttack
snapshot_1900,FireSmoke
snapshot_1901,FireSmoke
snapshot_1902,FireSmoke
snapshot_1903,FireSmoke
snapshot_1904,FireSmoke
snapshot_1905,HVACFault
snapshot_1906,HVACFault
snapshot_1907,FireSmoke
snapshot_1908,HVACFault
snapshot_1909,SpoofingAttack
snapshot_1910,Normal
snapshot_1911,FireSmoke
snapshot_1912,SpoofingAttack
snapshot_1913,OccupancySurge
snapshot_1914,HVACFault
snapshot_1915,OccupancySurge
snapshot_1916,FireSmoke
snapshot_1917,FireSmoke
snapshot_1918,Normal
snapshot_1919,HVACFault
snapshot_1920,SpoofingAttack
snapshot_1921,FireSmoke
snapshot_1922,SpoofingAttack
snapshot_1923,HVACFault
snapshot_1924,HVACFault
snapshot_1925,FireSmoke
snapshot_1926,FireSmoke
snapshot_1927,SpoofingAttack
snapshot_1928,HVACFault
snapshot_1929,OccupancySurge
snapshot_1930,Normal
snapshot_1931,Normal
snapshot_1932,OccupancySurge
snapshot_1933,OccupancySurge
snapshot_1934,SpoofingAttack
snapshot_1935,Normal
snapshot_1936,SpoofingAttack
snapshot_1937,Normal
snapshot_1938,OccupancySurge
snapshot_1939,HVACFault
snapshot_1940,SpoofingAttack
snapshot_1941,SpoofingAttack
snapshot_1942,HVACFault
snapshot_1943,OccupancySurge
snapshot_1944,OccupancySurge
snapshot_1945,Normal
snapshot_1946,OccupancySurge
snapshot_1947,Normal
snapshot_1948,FireSmoke
snapshot_1949,Normal
snapshot_1950,SpoofingAttack
snapshot_1951,Normal
snapshot_1952,SpoofingAttack
snapshot_1953,OccupancySurge
snapshot_1954,SpoofingAttack
snapshot_1955,HVACFault
snapshot_1956,FireSmoke
snapshot_1957,Normal
snapshot_1958,OccupancySurge
snapshot_1959,FireSmoke
snapshot_1960,HVACFault
snapshot_1961,Normal
snapshot_1962,OccupancySurge
snapshot_1963,SpoofingAttack
snapshot_1964,Normal
snapshot_1965,HVACFault
snapshot_1966,OccupancySurge
snapshot_1967,OccupancySurge
snapshot_1968,OccupancySurge
snapshot_1969,SpoofingAttack
snapshot_1970,Normal
snapshot_1971,SpoofingAttack
snapshot_1972,SpoofingAttack
snapshot_1973,HVACFault
snapshot_1974,Normal
snapshot_1975,HVACFault
snapshot_1976,HVACFault
snapshot_1977,Normal
snapshot_1978,Normal
snapshot_1979,OccupancySurge
snapshot_1980,OccupancySurge
snapshot_1981,SpoofingAttack
snapshot_1982,OccupancySurge
snapshot_1983,SpoofingAttack
snapshot_1984,Normal
snapshot_1985,HVACFault
snapshot_1986,SpoofingAttack
snapshot_1987,Normal
snapshot_1988,OccupancySurge
snapshot_1989,SpoofingAttack
snapshot_1990,FireSmoke
snapshot_1991,SpoofingAttack
snapshot_1992,OccupancySurge
snapshot_1993,OccupancySurge
snapshot_1994,HVACFault
snapshot_1995,OccupancySurge
snapshot_1996,FireSmoke
snapshot_1997,HVACFault
snapshot_1998,SpoofingAttack
snapshot_1999,SpoofingAttack
